Assembly	# contigs (>= 0 bp)	# contigs (>= 1000 bp)	Total length (>= 0 bp)	Total length (>= 1000 bp)	# contigs	Largest contig	Total length	GC (%)	N50	N75	L50	L75	# N's per 100 kbp
AD-155-C09-many_assemblers.CISA.ctg	139	125	1753024	1740890	138	101055	1752596	29.10	25888	14234	22	46	13.47
MidCaymanRise_DCO_Methanothermococcus_SAG-AD-155-C09.contigs	319	140	1787376	1697905	203	71737	1741967	29.15	20642	11510	25	53	35.88
MidCaymanRise_DCO_Methanothermococcus_SAG-AD-155-C09_spades_assembly	9789	269	2882877	1569246	496	31983	1728555	29.27	8841	3782	54	128	0.00
MidCaymanRise_DCO_Methanothermococcus_SAGs-AD-155-C09_idba_ud_assembly	20020	247	4528859	1554703	346	62291	1624453	29.07	9306	4930	48	108	0.00
AD-155-C09-S1-R1-001-assembly_CLC	226	226	1574976	1574976	226	55720	1574976	29.15	12868	6014	37	80	166.61
