c_000000000001	spades_1925_len:211
c_000000000002	spades_897_len:234
c_000000000003	spades_31_len_T:762
c_000000000004	spades_1676_len:218
c_000000000005	spades_1053_len:231
c_000000000006	spades_1432_len:224
c_000000000007	spades_673_len:240
c_000000000008	spades_218_len:275
c_000000000009	spades_985_len:232
c_000000000010	spades_478_len:247
c_000000000011	spades_1344_len:226
c_000000000012	spades_1739_len:217
c_000000000013	spades_906_len:234
c_000000000014	spades_933_len:233
c_000000000015	spades_1878_len:213
c_000000000016	spades_686_len:240
c_000000000017	spades_1200_len:228
c_000000000018	spades_971_len:233
c_000000000019	spades_2244_len_T:94
c_000000000020	spades_994_len:232
c_000000000021	spades_1929_len:211
c_000000000022	spades_628_len:241
c_000000000023	spades_979_len:232
c_000000000024	spades_624_len:241
c_000000000025	spades_761_len:238
c_000000000026	spades_706_len:239
c_000000000027	spades_1144_len:229
c_000000000028	spades_1387_len:225
c_000000000029	spades_83_len:387
c_000000000030	spades_1932_len:211
c_000000000031	spades_1416_len:224
c_000000000032	spades_468_len:248
c_000000000033	spades_911_len:234
c_000000000034	spades_783_len:237
c_000000000035	spades_655_len:240
c_000000000036	spades_1443_len:223
c_000000000037	spades_1848_len:214
c_000000000038	spades_770_len:238
c_000000000039	spades_921_len:234
c_000000000040	spades_1748_len:217
c_000000000041	spades_1820_len:215
c_000000000042	spades_1047_len:231
c_000000000043	spades_1855_len:214
c_000000000044	spades_1651_len:219
c_000000000045	spades_457_len:249
c_000000000046	CLC_83_len_T:220
c_000000000047	spades_1483_len:223
c_000000000048	spades_397_len:257
c_000000000049	spades_1840_len:214
c_000000000050	spades_1482_len:223
c_000000000051	spades_629_len:241
c_000000000052	spades_174_len:280
c_000000000053	spades_1824_len:215
c_000000000054	spades_1451_len:223
c_000000000055	spades_1107_len:230
c_000000000056	spades_965_len:233
c_000000000057	spades_1487_len:223
c_000000000058	spades_625_len:241
c_000000000059	spades_1809_len:215
c_000000000060	spades_21_len_T:1470
c_000000000061	spades_1594_len:220
c_000000000062	spades_1886_len:212
c_000000000063	spades_1547_len:221
c_000000000064	spades_1978_len:208
c_000000000065	spades_734_len:238
c_000000000066	idbaud_83_len:394
c_000000000067	spades_1231_len:228
c_000000000068	spades_209_len:276
c_000000000069	spades_1801_len:215
c_000000000070	spades_1920_len:211
c_000000000071	spades_1965_len:209
c_000000000072	spades_654_len:240
c_000000000073	spades_675_len:240
c_000000000074	spades_961_len:233
c_000000000075	spades_1738_len:217
c_000000000076	spades_1813_len:215
c_000000000077	spades_1712_len:217
c_000000000078	spades_1993_len:207
c_000000000079	spades_1000_len:232
c_000000000080	spades_989_len:232
c_000000000081	spades_2234_len:140
c_000000000082	spades_807_len:236
c_000000000083	spades_356_len:261
c_000000000084	spades_1697_len:218
c_000000000085	spades_767_len:238
c_000000000086	spades_518_len:245
c_000000000087	spades_19_len:1794
c_000000000088	spades_1831_len:215
c_000000000089	spades_454_len:249
c_000000000090	spades_1515_len:222
c_000000000091	CLC_108_len:683
c_000000000092	spades_1814_len:215
c_000000000093	spades_1304_len:226
c_000000000094	spades_361_len:261
c_000000000095	spades_1312_len:226
c_000000000096	spades_1966_len:209
c_000000000097	spades_312_len:265
c_000000000098	spades_1662_len:218
c_000000000099	spades_2297_len_T:81
c_000000000100	spades_474_len:248
c_000000000101	spades_1007_len:232
c_000000000102	spades_1696_len:218
c_000000000103	spades_1205_len:228
c_000000000104	spades_1615_len:219
c_000000000105	spades_453_len:249
c_000000000106	spades_1977_len:208
c_000000000107	spades_413_len:255
c_000000000108	spades_366_len:260
c_000000000109	spades_1968_len:209
c_000000000110	spades_1255_len:227
c_000000000111	spades_26_len:1164
c_000000000112	spades_1149_len:229
c_000000000113	spades_1339_len:226
c_000000000114	spades_1315_len:226
c_000000000115	spades_406_len:256
c_000000000116	spades_1091_len:230
c_000000000117	spades_1793_len:216
c_000000000118	spades_1269_len:227
c_000000000119	spades_1593_len:220
c_000000000120	spades_1101_len:230
c_000000000121	spades_1666_len:218
c_000000000122	spades_1749_len:217
c_000000000123	spades_319_len:265
c_000000000124	spades_1150_len:229
c_000000000125	spades_1117_len:230
c_000000000126	spades_1398_len:224
c_000000000127	spades_587_len:243
c_000000000128	spades_871_len:235
c_000000000129	spades_1321_len:226
c_000000000130	spades_1727_len:217
c_000000000131	spades_812_len:236
c_000000000132	spades_1308_len:226
c_000000000133	spades_1089_len:230
c_000000000134	spades_247_len:271
c_000000000135	spades_1529_len:222
c_000000000136	spades_839_len:235
c_000000000137	spades_769_len:238
c_000000000138	spades_870_len:235
c_000000000139	spades_1388_len:225
c_000000000140	spades_637_len:241
c_000000000141	spades_662_len:240
c_000000000142	spades_340_len:263
c_000000000143	spades_1910_len:212
c_000000000144	spades_1984_len:208
c_000000000145	spades_1710_len:217
c_000000000146	spades_383_len:258
c_000000000147	spades_78_len:404
c_000000000148	spades_456_len:249
c_000000000149	spades_298_len:267
c_000000000150	spades_1472_len:223
c_000000000151	spades_260_len:270
c_000000000152	spades_1342_len:226
c_000000000153	spades_968_len:233
c_000000000154	spades_1128_len:230
c_000000000155	spades_1549_len:221
c_000000000156	spades_1954_len:210
c_000000000157	spades_632_len:241
c_000000000158	spades_1982_len:208
c_000000000159	spades_1921_len:211
c_000000000160	spades_2379_len:121
c_000000000161	spades_1985_len:208
c_000000000162	spades_488_len:247
c_000000000163	spades_1933_len:211
c_000000000164	spades_1976_len:208
c_000000000165	spades_484_len:247
c_000000000166	spades_696_len:239
c_000000000167	spades_1825_len:215
c_000000000168	spades_1624_len:219
c_000000000169	spades_1635_len:219
c_000000000170	idbaud_16159_len:100
c_000000000171	spades_1022_len:232
c_000000000172	spades_2496_len:114
c_000000000173	spades_999_len:232
c_000000000174	spades_135_len:301
c_000000000175	spades_1242_len:227
c_000000000176	spades_1218_len:228
c_000000000177	spades_1619_len:219
c_000000000178	spades_1103_len:230
c_000000000179	spades_1576_len:221
c_000000000180	spades_1540_len:221
c_000000000181	spades_1236_len:227
c_000000000182	spades_1747_len:217
c_000000000183	spades_1258_len:227
c_000000000184	spades_1048_len:231
c_000000000185	spades_1434_len:224
c_000000000186	spades_489_len:247
c_000000000187	spades_883_len:234
c_000000000188	spades_1796_len:216
c_000000000189	spades_1064_len:231
c_000000000190	spades_1211_len:228
c_000000000191	spades_1203_len:228
c_000000000192	idbaud_8694_len_T:72
c_000000000193	spades_1565_len:221
c_000000000194	spades_225_len:274
c_000000000195	spades_1403_len:224
c_000000000196	spades_475_len:248
c_000000000197	spades_485_len:247
c_000000000198	spades_992_len:232
c_000000000199	spades_405_len:256
c_000000000200	spades_187_len:278
c_000000000201	spades_1859_len:213
c_000000000202	spades_1278_len:227
c_000000000203	spades_1706_len:217
c_000000000204	spades_415_len:255
c_000000000205	spades_1145_len:229
c_000000000206	spades_348_len:262
c_000000000207	spades_1417_len:224
c_000000000208	spades_993_len:232
c_000000000209	spades_417_len:254
c_000000000210	spades_313_len:265
c_000000000211	spades_231_len:273
c_000000000212	idbaud_8349_len:191
c_000000000213	spades_1887_len:212
c_000000000214	spades_1713_len:217
c_000000000215	spades_1098_len:230
c_000000000216	spades_704_len:239
c_000000000217	spades_97_len:358
c_000000000218	spades_1051_len:231
c_000000000219	spades_1556_len:221
c_000000000220	spades_1485_len:223
c_000000000221	spades_982_len:232
c_000000000222	spades_1725_len:217
c_000000000223	spades_1377_len:225
c_000000000224	spades_634_len:241
c_000000000225	idbaud_59_len:604
c_000000000226	spades_212_len:276
c_000000000227	spades_451_len:249
c_000000000228	spades_1893_len:212
c_000000000229	spades_1818_len:215
c_000000000230	spades_525_len:245
c_000000000231	spades_367_len:260
c_000000000232	spades_1353_len:225
c_000000000233	spades_751_len:238
c_000000000234	spades_1343_len:226
c_000000000235	spades_1601_len:220
c_000000000236	spades_1836_len:214
c_000000000237	spades_1285_len:227
c_000000000238	spades_1634_len:219
c_000000000239	spades_831_len:236
c_000000000240	spades_1683_len:218
c_000000000241	spades_103_len:352
c_000000000242	spades_279_len:268
c_000000000243	spades_1330_len:226
c_000000000244	spades_1621_len:219
c_000000000245	spades_198_len:277
c_000000000246	spades_1532_len:222
c_000000000247	spades_583_len:243
c_000000000248	spades_1780_len:216
c_000000000249	spades_1300_len:226
c_000000000250	spades_1337_len:226
c_000000000251	spades_1065_len:231
c_000000000252	spades_2405_len_T:74
c_000000000253	spades_173_len:280
c_000000000254	spades_819_len:236
c_000000000255	spades_1672_len:218
c_000000000256	spades_1835_len:214
c_000000000257	spades_1407_len:224
c_000000000258	spades_1159_len:229
c_000000000259	spades_607_len:242
c_000000000260	idbaud_98_len:318
c_000000000261	spades_1171_len:229
c_000000000262	spades_1199_len:228
c_000000000263	spades_746_len:238
c_000000000264	spades_1638_len:219
c_000000000265	spades_1363_len:225
c_000000000266	spades_251_len:271
c_000000000267	spades_364_len:261
c_000000000268	spades_1006_len:232
c_000000000269	spades_335_len:263
c_000000000270	spades_1745_len:217
c_000000000271	spades_843_len:235
c_000000000272	spades_1140_len:229
c_000000000273	spades_11_len:6950
c_000000000274	spades_1412_len:224
c_000000000275	spades_1702_len:217
c_000000000276	spades_757_len:238
c_000000000277	spades_1181_len:228
c_000000000278	spades_719_len:239
c_000000000279	spades_1345_len:226
c_000000000280	spades_1138_len:229
c_000000000281	spades_1788_len:216
c_000000000282	spades_1283_len:227
c_000000000283	spades_1856_len:213
c_000000000284	CLC_77_len:225
c_000000000285	spades_1086_len:230
c_000000000286	spades_1741_len:217
c_000000000287	spades_1614_len:219
c_000000000288	spades_856_len:235
c_000000000289	spades_497_len:246
c_000000000290	spades_269_len:269
c_000000000291	spades_2186_len:148
c_000000000292	spades_618_len:242
c_000000000293	spades_1535_len:222
c_000000000294	spades_291_len:268
c_000000000295	spades_1724_len:217
c_000000000296	CLC_64_len:1370
c_000000000297	idbaud_3_len:8893
c_000000000298	spades_1868_len:213
c_000000000299	spades_1063_len:231
c_000000000300	spades_550_len:244
c_000000000301	spades_957_len:233
c_000000000302	spades_1480_len:223
c_000000000303	spades_1506_len:222
c_000000000304	spades_524_len:245
c_000000000305	spades_1735_len:217
c_000000000306	spades_1631_len:219
c_000000000307	spades_369_len:260
c_000000000308	spades_181_len:279
c_000000000309	spades_1474_len:223
c_000000000310	spades_1832_len:215
c_000000000311	spades_552_len:244
c_000000000312	spades_948_len:233
c_000000000313	spades_1127_len:230
c_000000000314	spades_1035_len:231
c_000000000315	idbaud_2273_len:199
c_000000000316	spades_2734_len:107
c_000000000317	spades_1371_len:225
c_000000000318	spades_1572_len:221
c_000000000319	spades_548_len:244
c_000000000320	spades_858_len:235
c_000000000321	spades_1215_len:228
c_000000000322	spades_860_len:235
c_000000000323	spades_980_len:232
c_000000000324	spades_1431_len:224
c_000000000325	spades_186_len:278
c_000000000326	spades_1762_len:216
c_000000000327	spades_964_len:233
c_000000000328	spades_1600_len:220
c_000000000329	spades_1352_len:225
c_000000000330	spades_1944_len:210
c_000000000331	spades_651_len:240
c_000000000332	spades_1689_len:218
c_000000000333	spades_132_len:303
c_000000000334	spades_1930_len:211
c_000000000335	spades_864_len:235
c_000000000336	spades_601_len:242
c_000000000337	spades_465_len:248
c_000000000338	spades_824_len:236
c_000000000339	spades_688_len:240
c_000000000340	spades_87_len:368
c_000000000341	spades_1490_len:223
c_000000000342	CLC_96_len:217
c_000000000343	spades_969_len:233
c_000000000344	spades_553_len:244
c_000000000345	spades_1709_len:217
c_000000000346	spades_987_len:232
c_000000000347	spades_1153_len:229
c_000000000348	spades_1372_len:225
c_000000000349	spades_680_len:240
c_000000000350	spades_1916_len:212
c_000000000351	spades_428_len:253
c_000000000352	spades_116_len_T:291
c_000000000353	spades_29_len:934
c_000000000354	spades_622_len:241
c_000000000355	spades_1044_len:231
c_000000000356	spades_1815_len:215
c_000000000357	spades_239_len:272
c_000000000358	spades_1495_len:222
c_000000000359	spades_1477_len:223
c_000000000360	spades_264_len:269
c_000000000361	spades_420_len:254
c_000000000362	spades_763_len:238
c_000000000363	spades_1338_len:226
c_000000000364	spades_1359_len:225
c_000000000365	spades_1340_len:226
c_000000000366	spades_263_len:269
c_000000000367	spades_1694_len:218
c_000000000368	spades_494_len:246
c_000000000369	spades_308_len:266
c_000000000370	spades_210_len:276
c_000000000371	spades_595_len:242
c_000000000372	spades_1286_len:227
c_000000000373	spades_905_len:234
c_000000000374	idbaud_9265_len:108
c_000000000375	spades_1845_len:214
c_000000000376	spades_407_len:256
c_000000000377	spades_1630_len:219
c_000000000378	spades_1475_len:223
c_000000000379	spades_1461_len:223
c_000000000380	spades_455_len:249
c_000000000381	spades_42_len:614
c_000000000382	spades_1429_len:224
c_000000000383	spades_1627_len:219
c_000000000384	spades_276_len:269
c_000000000385	spades_1042_len:231
c_000000000386	spades_1162_len:229
c_000000000387	spades_1190_len:228
c_000000000388	spades_759_len:238
c_000000000389	spades_1841_len:214
c_000000000390	spades_774_len:238
c_000000000391	spades_908_len:234
c_000000000392	spades_1197_len:228
c_000000000393	spades_1147_len:229
c_000000000394	spades_1415_len:224
c_000000000395	CLC_129_len:556
c_000000000396	spades_593_len:242
c_000000000397	spades_1783_len:216
c_000000000398	spades_1059_len:231
c_000000000399	spades_1411_len:224
c_000000000400	spades_1143_len:229
c_000000000401	spades_2046_len:186
c_000000000402	spades_1872_len:213
c_000000000403	spades_1740_len:217
c_000000000404	idbaud_70_len:522
c_000000000405	spades_1014_len:232
c_000000000406	spades_469_len:248
c_000000000407	spades_954_len:233
c_000000000408	idbaud_11024_len:102
c_000000000409	a5_16_len:4007
c_000000000410	CLC_2_len:7297
c_000000000411	spades_558_len:244
c_000000000412	spades_324_len:264
c_000000000413	spades_230_len:273
c_000000000414	spades_709_len:239
c_000000000415	spades_1379_len:225
c_000000000416	spades_551_len:244
c_000000000417	spades_1555_len:221
c_000000000418	spades_818_len:236
c_000000000419	spades_681_len:240
c_000000000420	spades_1227_len:228
c_000000000421	spades_527_len:245
c_000000000422	spades_1253_len:227
c_000000000423	idbaud_9525_len:106
c_000000000424	spades_1538_len:221
c_000000000425	spades_1473_len:223
c_000000000426	spades_1306_len:226
c_000000000427	spades_1219_len:228
c_000000000428	spades_735_len:238
c_000000000429	spades_1325_len:226
c_000000000430	spades_739_len:238
c_000000000431	spades_1928_len:211
c_000000000432	spades_1516_len:222
c_000000000433	spades_1302_len:226
c_000000000434	spades_1877_len:213
c_000000000435	spades_1251_len:227
c_000000000436	spades_1817_len:215
c_000000000437	spades_650_len_T:178
c_000000000438	spades_138_len:299
c_000000000439	idbaud_33_len:1271
c_000000000440	spades_1303_len:226
c_000000000441	spades_932_len:233
c_000000000442	spades_1607_len:220
c_000000000443	spades_1355_len:225
c_000000000444	spades_1229_len:228
c_000000000445	spades_1444_len:223
c_000000000446	spades_792_len:237
c_000000000447	CLC_65_len:1511
c_000000000448	spades_1958_len:210
c_000000000449	spades_32_len:828
c_000000000450	spades_2880_len:102
c_000000000451	spades_1238_len:227
c_000000000452	spades_294_len:267
c_000000000453	spades_376_len:259
c_000000000454	spades_898_len:234
c_000000000455	spades_1020_len:232
c_000000000456	spades_194_len:277
c_000000000457	spades_1479_len:223
c_000000000458	spades_1767_len:216
c_000000000459	spades_868_len:235
c_000000000460	spades_1772_len:216
c_000000000461	spades_1640_len:219
c_000000000462	spades_271_len:269
c_000000000463	spades_1460_len:223
c_000000000464	spades_638_len:241
c_000000000465	spades_699_len:239
c_000000000466	spades_1892_len:212
c_000000000467	spades_1803_len:215
c_000000000468	spades_175_len:280
c_000000000469	spades_342_len:263
c_000000000470	spades_1058_len:231
c_000000000471	spades_1534_len:222
c_000000000472	spades_1991_len:208
c_000000000473	idbaud_8739_len_T:67
c_000000000474	spades_1133_len:230
c_000000000475	spades_1882_len:213
c_000000000476	spades_1146_len:229
c_000000000477	spades_768_len:238
c_000000000478	spades_1995_len:207
c_000000000479	spades_920_len:234
c_000000000480	spades_791_len:237
c_000000000481	spades_442_len:251
c_000000000482	spades_616_len:242
c_000000000483	spades_323_len:264
c_000000000484	spades_448_len:249
c_000000000485	spades_613_len:242
c_000000000486	spades_866_len:235
c_000000000487	spades_658_len:240
c_000000000488	spades_1911_len:212
c_000000000489	spades_1410_len:224
c_000000000490	spades_1380_len:225
c_000000000491	spades_482_len:247
c_000000000492	spades_1142_len:229
c_000000000493	spades_1581_len:220
c_000000000494	spades_1695_len:218
c_000000000495	spades_1267_len:227
c_000000000496	spades_9_len:7559
c_000000000497	spades_1198_len:228
c_000000000498	spades_447_len:250
c_000000000499	spades_1217_len:228
c_000000000500	spades_610_len:242
c_000000000501	spades_1476_len:223
c_000000000502	spades_723_len:239
c_000000000503	spades_640_len:241
c_000000000504	spades_76_len:419
c_000000000505	CLC_105_len:224
c_000000000506	spades_1280_len:227
c_000000000507	spades_1912_len:212
c_000000000508	spades_1120_len:230
c_000000000509	spades_1012_len:232
c_000000000510	idbaud_8506_len:134
c_000000000511	spades_1504_len:222
c_000000000512	spades_226_len:273
c_000000000513	spades_1274_len:227
c_000000000514	spades_1322_len:226
c_000000000515	CLC_136_len:237
c_000000000516	spades_79_len:403
c_000000000517	spades_1210_len:228
c_000000000518	spades_1496_len:222
c_000000000519	spades_1240_len:227
c_000000000520	spades_1874_len:213
c_000000000521	spades_1499_len:222
c_000000000522	spades_804_len:236
c_000000000523	spades_682_len:240
c_000000000524	spades_1531_len:222
c_000000000525	spades_1834_len:214
c_000000000526	spades_1094_len:230
c_000000000527	CLC_110_len:246
c_000000000528	spades_1917_len:212
c_000000000529	idbaud_9013_len_T:71
c_000000000530	spades_1777_len:216
c_000000000531	spades_1246_len:227
c_000000000532	spades_1_len:20391
c_000000000533	spades_178_len:279
c_000000000534	spades_377_len:259
c_000000000535	spades_272_len:269
c_000000000536	spades_1186_len:228
c_000000000537	spades_664_len:240
c_000000000538	spades_1509_len:222
c_000000000539	spades_273_len:269
c_000000000540	spades_668_len:240
c_000000000541	spades_744_len:238
c_000000000542	spades_1519_len:222
c_000000000543	spades_925_len:234
c_000000000544	spades_422_len:254
c_000000000545	spades_1720_len:217
c_000000000546	spades_2100_len:166
c_000000000547	spades_765_len:238
c_000000000548	spades_874_len:235
c_000000000549	spades_473_len:248
c_000000000550	spades_486_len:247
c_000000000551	spades_1175_len:229
c_000000000552	spades_471_len:248
c_000000000553	spades_258_len:270
c_000000000554	spades_1221_len:228
c_000000000555	idbaud_8836_len_T:105
c_000000000556	spades_1553_len:221
c_000000000557	spades_1802_len:215
c_000000000558	spades_715_len:239
c_000000000559	spades_360_len:261
c_000000000560	spades_1851_len:214
c_000000000561	spades_764_len:238
c_000000000562	spades_1673_len:218
c_000000000563	spades_1898_len:212
c_000000000564	spades_505_len:246
c_000000000565	spades_1112_len:230
c_000000000566	spades_349_len:262
c_000000000567	spades_665_len:240
c_000000000568	CLC_47_len:261
c_000000000569	spades_1822_len:215
c_000000000570	spades_1923_len:211
c_000000000571	spades_462_len:248
c_000000000572	spades_1876_len:213
c_000000000573	spades_1782_len:216
c_000000000574	idbaud_10823_len:102
c_000000000575	spades_1948_len:210
c_000000000576	spades_295_len:267
c_000000000577	spades_997_len:232
c_000000000578	spades_669_len:240
c_000000000579	spades_848_len:235
c_000000000580	spades_223_len:274
c_000000000581	spades_861_len:235
c_000000000582	spades_720_len:239
c_000000000583	spades_966_len:233
c_000000000584	spades_1024_len:232
c_000000000585	spades_1467_len:223
c_000000000586	spades_1763_len:216
c_000000000587	spades_1433_len:224
c_000000000588	spades_1542_len:221
c_000000000589	spades_1963_len:209
c_000000000590	spades_608_len:242
c_000000000591	idbaud_9486_len_T:96
c_000000000592	spades_1800_len_T:95
c_000000000593	spades_1470_len:223
c_000000000594	spades_565_len:244
c_000000000595	spades_1699_len:218
c_000000000596	spades_1232_len:228
c_000000000597	spades_1846_len:214
c_000000000598	spades_530_len:245
c_000000000599	spades_470_len:248
c_000000000600	spades_1891_len:212
c_000000000601	spades_1617_len:219
c_000000000602	spades_268_len:269
c_000000000603	spades_554_len:244
c_000000000604	spades_498_len:246
c_000000000605	spades_855_len:235
c_000000000606	spades_1999_len:207
c_000000000607	spades_121_len_S_2:83
c_000000000608	spades_1936_len:211
c_000000000609	spades_605_len:242
c_000000000610	spades_188_len:278
c_000000000611	spades_776_len:238
c_000000000612	spades_1056_len:231
c_000000000613	spades_1222_len:228
c_000000000614	spades_1733_len:217
c_000000000615	spades_714_len:239
c_000000000616	spades_1313_len:226
c_000000000617	CLC_59_len:998
c_000000000618	spades_1446_len:223
c_000000000619	spades_621_len:241
c_000000000620	spades_480_len:247
c_000000000621	spades_1544_len:221
c_000000000622	spades_1718_len:217
c_000000000623	spades_229_len:273
c_000000000624	spades_1179_len:229
c_000000000625	spades_93_len:360
c_000000000626	spades_1597_len:220
c_000000000627	spades_840_len:235
c_000000000628	spades_1301_len:226
c_000000000629	spades_585_len:243
c_000000000630	spades_1769_len:216
c_000000000631	spades_886_len:234
c_000000000632	spades_69_len:427
c_000000000633	spades_1671_len:218
c_000000000634	spades_2805_len:105
c_000000000635	spades_1552_len:221
c_000000000636	spades_1160_len:229
c_000000000637	spades_1220_len:228
c_000000000638	idbaud_50_len:679
c_000000000639	spades_189_len:278
c_000000000640	spades_683_len:240
c_000000000641	spades_697_len:239
c_000000000642	spades_1066_len:231
c_000000000643	spades_529_len:245
c_000000000644	spades_1288_len:227
c_000000000645	spades_528_len:245
c_000000000646	spades_1536_len:221
c_000000000647	spades_725_len:239
c_000000000648	spades_261_len:270
c_000000000649	spades_1376_len:225
c_000000000650	spades_1587_len:220
c_000000000651	spades_1675_len:218
c_000000000652	spades_445_len:250
c_000000000653	spades_1041_len:231
c_000000000654	spades_1055_len:231
c_000000000655	spades_315_len:265
c_000000000656	spades_808_len:236
c_000000000657	spades_1730_len:217
c_000000000658	spades_702_len:239
c_000000000659	spades_657_len:240
c_000000000660	spades_877_len:234
c_000000000661	spades_850_len:235
c_000000000662	spades_790_len:237
c_000000000663	spades_1463_len:223
c_000000000664	spades_1698_len:218
c_000000000665	spades_1508_len:222
c_000000000666	spades_472_len:248
c_000000000667	spades_805_len:236
c_000000000668	spades_1690_len:218
c_000000000669	spades_1975_len:208
c_000000000670	spades_7_len_New_1:7973
c_000000000671	spades_740_len:238
c_000000000672	spades_1681_len:218
c_000000000673	spades_711_len:239
c_000000000674	spades_296_len:267
c_000000000675	spades_1334_len:226
c_000000000676	spades_2251_len:137
c_000000000677	spades_1226_len:228
c_000000000678	spades_794_len:237
c_000000000679	spades_1554_len:221
c_000000000680	spades_1166_len:229
c_000000000681	spades_693_len:240
c_000000000682	spades_953_len:233
c_000000000683	spades_592_len:242
c_000000000684	spades_1837_len:214
c_000000000685	spades_421_len:254
c_000000000686	spades_1972_len:209
c_000000000687	spades_1864_len:213
c_000000000688	spades_306_len:266
c_000000000689	spades_926_len:234
c_000000000690	spades_722_len:239
c_000000000691	spades_1336_len:226
c_000000000692	spades_1370_len:225
c_000000000693	spades_660_len:240
c_000000000694	spades_1934_len:211
c_000000000695	spades_385_len:258
c_000000000696	spades_1254_len:227
c_000000000697	spades_433_len:253
c_000000000698	spades_1642_len:219
c_000000000699	spades_414_len:255
c_000000000700	spades_286_len:268
c_000000000701	spades_1501_len:222
c_000000000702	spades_597_len:242
c_000000000703	spades_796_len:237
c_000000000704	spades_1004_len:232
c_000000000705	spades_1478_len:223
c_000000000706	idbaud_40_len:918
c_000000000707	spades_983_len:232
c_000000000708	spades_179_len:279
c_000000000709	spades_1437_len:224
c_000000000710	spades_1104_len:230
c_000000000711	spades_667_len:240
c_000000000712	spades_1262_len:227
c_000000000713	spades_943_len:233
c_000000000714	spades_1656_len:218
c_000000000715	spades_391_len:257
c_000000000716	spades_752_len:238
c_000000000717	spades_1992_len:207
c_000000000718	spades_2002_len:207
c_000000000719	spades_1946_len:210
c_000000000720	spades_736_len:238
c_000000000721	spades_1561_len:221
c_000000000722	spades_1110_len:230
c_000000000723	spades_169_len:281
c_000000000724	spades_1154_len:229
c_000000000725	CLC_112_len:244
c_000000000726	spades_2000_len:207
c_000000000727	spades_133_len:303
c_000000000728	spades_1875_len:213
c_000000000729	spades_947_len:233
c_000000000730	idbaud_8310_len:177
c_000000000731	spades_546_len:244
c_000000000732	spades_1113_len:230
c_000000000733	spades_1368_len:225
c_000000000734	spades_256_len:270
c_000000000735	spades_1723_len:217
c_000000000736	spades_1567_len:221
c_000000000737	spades_353_len:262
c_000000000738	spades_1263_len:227
c_000000000739	spades_372_len:260
c_000000000740	idbaud_89_len:350
c_000000000741	spades_1237_len:227
c_000000000742	spades_1541_len:221
c_000000000743	spades_443_len:251
c_000000000744	spades_508_len:246
c_000000000745	spades_232_len:273
c_000000000746	spades_1533_len:222
c_000000000747	spades_1016_len:232
c_000000000748	spades_931_len:234
c_000000000749	spades_1362_len:225
c_000000000750	spades_1588_len:220
c_000000000751	spades_521_len:245
c_000000000752	spades_1083_len:230
c_000000000753	spades_879_len:234
c_000000000754	spades_2482_len_T:69
c_000000000755	spades_596_len:242
c_000000000756	spades_1988_len:208
c_000000000757	spades_338_len:263
c_000000000758	spades_1275_len:227
c_000000000759	spades_481_len:247
c_000000000760	spades_1688_len:218
c_000000000761	spades_1551_len:221
c_000000000762	spades_1173_len:229
c_000000000763	spades_1566_len:221
c_000000000764	spades_37_len:729
c_000000000765	a5_137_len:518
c_000000000766	spades_591_len:242
c_000000000767	spades_1163_len:229
c_000000000768	spades_1317_len:226
c_000000000769	spades_827_len:236
c_000000000770	spades_1090_len:230
c_000000000771	spades_560_len:244
c_000000000772	spades_1170_len:229
c_000000000773	spades_1484_len:223
c_000000000774	spades_2001_len:207
c_000000000775	spades_1779_len:216
c_000000000776	spades_2051_len:183
c_000000000777	spades_1559_len:221
c_000000000778	spades_1102_len:230
c_000000000779	spades_1799_len:216
c_000000000780	spades_1034_len:231
c_000000000781	spades_1729_len:217
c_000000000782	spades_1060_len:231
c_000000000783	spades_1913_len:212
c_000000000784	spades_333_len:263
c_000000000785	spades_1176_len:229
c_000000000786	spades_937_len:233
c_000000000787	spades_910_len:234
c_000000000788	spades_1703_len:217
c_000000000789	spades_677_len:240
c_000000000790	spades_1241_len:227
c_000000000791	spades_1592_len:220
c_000000000792	idbaud_8355_len_T:101
c_000000000793	spades_853_len:235
c_000000000794	spades_412_len:255
c_000000000795	spades_1731_len:217
c_000000000796	spades_199_len:277
c_000000000797	spades_611_len:242
c_000000000798	spades_1906_len:212
c_000000000799	spades_648_len:241
c_000000000800	spades_973_len:233
c_000000000801	spades_584_len:243
c_000000000802	spades_1323_len:226
c_000000000803	spades_65_len_T:338
c_000000000804	spades_228_len:273
c_000000000805	spades_1956_len:210
c_000000000806	spades_441_len:251
c_000000000807	spades_1896_len:212
c_000000000808	spades_1458_len:223
c_000000000809	spades_1050_len:231
c_000000000810	a5_5_len:8163
c_000000000811	spades_1187_len:228
c_000000000812	spades_1194_len:228
c_000000000813	spades_1563_len:221
c_000000000814	spades_614_len:242
c_000000000815	spades_1947_len:210
c_000000000816	a5_73_len:480
c_000000000817	spades_974_len:233
c_000000000818	spades_394_len:257
c_000000000819	spades_1265_len:227
c_000000000820	spades_2241_len:139
c_000000000821	spades_73_len:425
c_000000000822	spades_1259_len:227
c_000000000823	spades_170_len:281
c_000000000824	spades_1636_len:219
c_000000000825	spades_1208_len:228
c_000000000826	spades_2053_len:182
c_000000000827	spades_575_len:243
c_000000000828	spades_1413_len:224
c_000000000829	spades_1653_len:219
c_000000000830	spades_913_len:234
c_000000000831	spades_1861_len:213
c_000000000832	spades_1452_len:223
c_000000000833	spades_1900_len:212
c_000000000834	spades_1196_len:228
c_000000000835	spades_12_len:6129
c_000000000836	spades_533_len:245
c_000000000837	spades_782_len:237
c_000000000838	spades_1085_len:230
c_000000000839	spades_1224_len:228
c_000000000840	spades_1109_len:230
c_000000000841	spades_112_len:435
c_000000000842	spades_1528_len:222
c_000000000843	spades_1908_len:212
c_000000000844	CLC_63_len:265
c_000000000845	spades_1260_len:227
c_000000000846	spades_1633_len:219
c_000000000847	spades_1456_len:223
c_000000000848	spades_1919_len:212
c_000000000849	spades_863_len:235
c_000000000850	spades_653_len:240
c_000000000851	spades_1013_len:232
c_000000000852	spades_1721_len:217
c_000000000853	spades_1272_len:227
c_000000000854	spades_1884_len_T:119
c_000000000855	spades_1626_len:219
c_000000000856	spades_1969_len:209
c_000000000857	spades_828_len:236
c_000000000858	spades_386_len:258
c_000000000859	CLC_100_len:805
c_000000000860	spades_344_len:263
c_000000000861	spades_795_len:237
c_000000000862	spades_727_len:239
c_000000000863	spades_1789_len:216
c_000000000864	spades_1469_len:223
c_000000000865	spades_1225_len:228
c_000000000866	spades_1038_len:231
c_000000000867	spades_1557_len:221
c_000000000868	spades_880_len:234
c_000000000869	spades_995_len:232
c_000000000870	spades_1092_len:230
c_000000000871	spades_691_len:240
c_000000000872	CLC_88_len_T:226
c_000000000873	spades_1646_len:219
c_000000000874	spades_334_len:263
c_000000000875	spades_641_len:241
c_000000000876	spades_713_len:239
c_000000000877	spades_477_len:247
c_000000000878	spades_467_len:248
c_000000000879	idbaud_8257_len_T:76
c_000000000880	spades_758_len:238
c_000000000881	spades_1786_len:216
c_000000000882	spades_431_len:253
c_000000000883	spades_1949_len:210
c_000000000884	spades_339_len:263
c_000000000885	spades_582_len:243
c_000000000886	spades_1568_len:221
c_000000000887	spades_1008_len:232
c_000000000888	spades_684_len:240
c_000000000889	spades_1643_len:219
c_000000000890	spades_211_len:276
c_000000000891	spades_599_len:242
c_000000000892	spades_615_len:242
c_000000000893	spades_1578_len:220
c_000000000894	spades_1351_len:225
c_000000000895	spades_793_len:237
c_000000000896	spades_789_len:237
c_000000000897	spades_1391_len:225
c_000000000898	spades_290_len:268
c_000000000899	spades_612_len:242
c_000000000900	spades_424_len:254
c_000000000901	spades_27_len:1068
c_000000000902	spades_1392_len:225
c_000000000903	spades_1119_len:230
c_000000000904	spades_1320_len:226
c_000000000905	spades_374_len:259
c_000000000906	spades_1781_len:216
c_000000000907	spades_1641_len:219
c_000000000908	spades_945_len:233
c_000000000909	spades_1511_len:222
c_000000000910	spades_1719_len:217
c_000000000911	spades_1423_len:224
c_000000000912	spades_357_len:261
c_000000000913	spades_1299_len:226
c_000000000914	spades_738_len:238
c_000000000915	spades_1270_len:227
c_000000000916	spades_569_len:243
c_000000000917	spades_1450_len:223
c_000000000918	spades_988_len:232
c_000000000919	spades_1319_len:226
c_000000000920	spades_1015_len:232
c_000000000921	spades_1043_len:231
c_000000000922	spades_1708_len:217
c_000000000923	spades_352_len:262
c_000000000924	spades_1692_len:218
c_000000000925	spades_1271_len:227
c_000000000926	spades_1003_len:232
c_000000000927	spades_1165_len:229
c_000000000928	spades_423_len:254
c_000000000929	spades_440_len:251
c_000000000930	spades_760_len:238
c_000000000931	spades_1852_len:214
c_000000000932	spades_1256_len:227
c_000000000933	spades_368_len:260
c_000000000934	spades_603_len:242
c_000000000935	spades_1068_len:231
c_000000000936	spades_86_len:372
c_000000000937	spades_821_len:236
c_000000000938	spades_869_len:235
c_000000000939	spades_562_len:244
c_000000000940	spades_923_len:234
c_000000000941	spades_1674_len:218
c_000000000942	spades_1491_len:223
c_000000000943	spades_981_len:232
c_000000000944	spades_1901_len:212
c_000000000945	spades_878_len:234
c_000000000946	spades_1152_len:229
c_000000000947	spades_1766_len:216
c_000000000948	CLC_128_len:520
c_000000000949	spades_337_len:263
c_000000000950	spades_34_len:765
c_000000000951	spades_1620_len:219
c_000000000952	spades_1924_len:211
c_000000000953	spades_2888_len_T:74
c_000000000954	spades_754_len:238
c_000000000955	spades_336_len:263
c_000000000956	spades_1869_len:213
c_000000000957	spades_1183_len:228
c_000000000958	spades_243_len:271
c_000000000959	spades_1585_len:220
c_000000000960	spades_1582_len:220
c_000000000961	spades_1223_len:228
c_000000000962	spades_1045_len:231
c_000000000963	spades_1785_len:216
c_000000000964	spades_3_len:14622
c_000000000965	spades_536_len:245
c_000000000966	spades_1333_len:226
c_000000000967	spades_502_len:246
c_000000000968	spades_1657_len:218
c_000000000969	spades_721_len:239
c_000000000970	spades_1914_len:212
c_000000000971	spades_1349_len:225
c_000000000972	spades_303_len:266
c_000000000973	spades_534_len:245
c_000000000974	spades_1732_len:217
c_000000000975	spades_283_len:268
c_000000000976	spades_284_len:268
c_000000000977	spades_200_len:277
c_000000000978	spades_960_len:233
c_000000000979	spades_1481_len:223
c_000000000980	spades_1518_len:222
c_000000000981	spades_652_len:240
c_000000000982	spades_1605_len:220
c_000000000983	spades_511_len:246
c_000000000984	spades_1357_len:225
c_000000000985	spades_522_len:245
c_000000000986	spades_48_len_T:463
c_000000000987	spades_1422_len:224
c_000000000988	spades_541_len:244
c_000000000989	spades_285_len:268
c_000000000990	spades_1037_len:231
c_000000000991	spades_967_len:233
c_000000000992	spades_419_len:254
c_000000000993	spades_942_len:233
c_000000000994	spades_396_len:257
c_000000000995	spades_726_len:239
c_000000000996	spades_310_len:265
c_000000000997	spades_991_len:232
c_000000000998	spades_1750_len:217
c_000000000999	spades_809_len:236
c_000000001000	spades_784_len:237
c_000000001001	spades_1967_len:209
c_000000001002	spades_1905_len:212
c_000000001003	spades_1409_len:224
c_000000001004	spades_854_len:235
c_000000001005	spades_887_len:234
c_000000001006	spades_687_len:240
c_000000001007	spades_1687_len:218
c_000000001008	spades_300_len:267
c_000000001009	spades_1990_len:208
c_000000001010	spades_1792_len:216
c_000000001011	spades_2696_len:109
c_000000001012	spades_724_len:239
c_000000001013	spades_2180_len:150
c_000000001014	spades_1033_len:231
c_000000001015	spades_464_len:248
c_000000001016	spades_378_len:259
c_000000001017	spades_1395_len:225
c_000000001018	spades_1955_len:210
c_000000001019	spades_257_len:270
c_000000001020	spades_1017_len:232
c_000000001021	spades_666_len:240
c_000000001022	idbaud_96_len:324
c_000000001023	spades_912_len:234
c_000000001024	spades_1366_len:225
c_000000001025	spades_1889_len:212
c_000000001026	spades_535_len:245
c_000000001027	spades_307_len:266
c_000000001028	spades_1354_len:225
c_000000001029	spades_1606_len:220
c_000000001030	spades_1031_len:231
c_000000001031	spades_1938_len:211
c_000000001032	spades_889_len:234
c_000000001033	spades_2128_len:157
c_000000001034	spades_950_len:233
c_000000001035	spades_244_len:271
c_000000001036	spades_816_len:236
c_000000001037	spades_1873_len:213
c_000000001038	spades_645_len:241
c_000000001039	spades_1489_len:223
c_000000001040	spades_916_len:234
c_000000001041	spades_1904_len:212
c_000000001042	spades_700_len:239
c_000000001043	spades_248_len:271
c_000000001044	spades_1316_len:226
c_000000001045	spades_359_len:261
c_000000001046	spades_1298_len:226
c_000000001047	spades_1684_len:218
c_000000001048	spades_781_len:237
c_000000001049	spades_572_len:243
c_000000001050	spades_1419_len:224
c_000000001051	spades_185_len:278
c_000000001052	spades_1599_len:220
c_000000001053	spades_1548_len:221
c_000000001054	spades_1492_len:223
c_000000001055	spades_1668_len:218
c_000000001056	spades_1180_len:228
c_000000001057	spades_1420_len:224
c_000000001058	spades_1095_len:230
c_000000001059	spades_1151_len:229
c_000000001060	spades_1424_len:224
c_000000001061	spades_1136_len:229
c_000000001062	spades_235_len:273
c_000000001063	spades_1010_len:232
c_000000001064	spades_1078_len:231
c_000000001065	spades_914_len:234
c_000000001066	spades_810_len:236
c_000000001067	spades_1737_len:217
c_000000001068	spades_416_len:255
c_000000001069	spades_341_len:263
c_000000001070	spades_773_len:238
c_000000001071	spades_1106_len:230
c_000000001072	CLC_3_len:40987
c_000000001073	spades_962_len:233
c_000000001074	spades_1545_len:221
c_000000001075	spades_1169_len:229
c_000000001076	spades_1726_len:217
c_000000001077	spades_934_len:233
c_000000001078	spades_449_len:249
c_000000001079	spades_1945_len:210
c_000000001080	spades_1382_len:225
c_000000001081	spades_885_len:234
c_000000001082	spades_955_len:233
c_000000001083	idbaud_46_len:746
c_000000001084	idbaud_21_len:2069
c_000000001085	spades_729_len:239
c_000000001086	spades_838_len:235
c_000000001087	spades_922_len:234
c_000000001088	spades_350_len:262
c_000000001089	spades_537_len:245
c_000000001090	spades_517_len:245
c_000000001091	spades_1266_len:227
c_000000001092	spades_255_len:270
c_000000001093	spades_1307_len:226
c_000000001094	spades_501_len:246
c_000000001095	spades_1935_len:211
c_000000001096	spades_1122_len:230
c_000000001097	spades_1279_len:227
c_000000001098	spades_728_len:239
c_000000001099	spades_549_len:244
c_000000001100	spades_1983_len:208
c_000000001101	CLC_107_len:224
c_000000001102	spades_1459_len:223
c_000000001103	spades_1850_len:214
c_000000001104	spades_1360_len:225
c_000000001105	idbaud_8672_len:123
c_000000001106	spades_566_len:244
c_000000001107	spades_753_len:238
c_000000001108	spades_2005_len:207
c_000000001109	spades_692_len:240
c_000000001110	spades_246_len:271
c_000000001111	spades_849_len:235
c_000000001112	spades_1530_len:222
c_000000001113	spades_1228_len:228
c_000000001114	spades_436_len:252
c_000000001115	spades_1364_len:225
c_000000001116	spades_830_len:236
c_000000001117	spades_452_len:249
c_000000001118	spades_631_len:241
c_000000001119	spades_177_len:279
c_000000001120	spades_1235_len:227
c_000000001121	spades_1871_len:213
c_000000001122	spades_1543_len:221
c_000000001123	idbaud_10656_len:102
c_000000001124	spades_287_len:268
c_000000001125	spades_1193_len:228
c_000000001126	spades_404_len:256
c_000000001127	spades_1575_len:221
c_000000001128	spades_602_len:242
c_000000001129	spades_196_len:277
c_000000001130	spades_1311_len:226
c_000000001131	spades_1828_len_T:165
c_000000001132	spades_1586_len:220
c_000000001133	CLC_121_len:437
c_000000001134	spades_733_len:238
c_000000001135	spades_1564_len:221
c_000000001136	spades_1465_len:223
c_000000001137	spades_1764_len:216
c_000000001138	spades_1023_len:232
c_000000001139	spades_1453_len:223
c_000000001140	spades_384_len:258
c_000000001141	spades_820_len:236
c_000000001142	spades_1036_len:231
c_000000001143	spades_403_len:256
c_000000001144	spades_2294_len_T:85
c_000000001145	spades_1442_len:223
c_000000001146	spades_1108_len:230
c_000000001147	spades_1761_len:216
c_000000001148	spades_236_len:272
c_000000001149	a5_111_len:412
c_000000001150	spades_1647_len:219
c_000000001151	spades_1426_len:224
c_000000001152	spades_1770_len:216
c_000000001153	spades_129_len:307
c_000000001154	spades_234_len:273
c_000000001155	spades_646_len:241
c_000000001156	spades_242_len:271
c_000000001157	spades_619_len:242
c_000000001158	spades_1135_len:229
c_000000001159	spades_1427_len:224
c_000000001160	spades_2069_len:175
c_000000001161	spades_788_len:237
c_000000001162	spades_233_len:273
c_000000001163	spades_598_len:242
c_000000001164	spades_896_len:234
c_000000001165	spades_1466_len:223
c_000000001166	spades_698_len:239
c_000000001167	idbaud_8602_len_T:74
c_000000001168	spades_1625_len:219
c_000000001169	spades_1693_len:218
c_000000001170	spades_395_len:257
c_000000001171	spades_1951_len:210
c_000000001172	spades_1526_len:222
c_000000001173	spades_1168_len:229
c_000000001174	spades_1751_len:217
c_000000001175	spades_72_len:425
c_000000001176	spades_822_len:236
c_000000001177	spades_586_len:243
c_000000001178	spades_1369_len:225
c_000000001179	spades_1794_len:216
c_000000001180	spades_1573_len:221
c_000000001181	spades_1596_len:220
c_000000001182	spades_1445_len:223
c_000000001183	spades_1826_len:215
c_000000001184	spades_1685_len:218
c_000000001185	spades_626_len:241
c_000000001186	spades_1997_len:207
c_000000001187	spades_1583_len:220
c_000000001188	spades_2004_len:207
c_000000001189	spades_1019_len:232
c_000000001190	spades_1074_len:231
c_000000001191	spades_836_len:235
c_000000001192	spades_250_len:271
c_000000001193	spades_1212_len:228
c_000000001194	spades_785_len:237
c_000000001195	spades_317_len:265
c_000000001196	spades_904_len:234
c_000000001197	spades_1079_len:231
c_000000001198	spades_1025_len:232
c_000000001199	spades_1454_len:223
c_000000001200	spades_1248_len:227
c_000000001201	spades_694_len:240
c_000000001202	spades_1753_len:217
c_000000001203	spades_509_len:246
c_000000001204	spades_2461_len_T:71
c_000000001205	spades_500_len:246
c_000000001206	spades_1268_len:227
c_000000001207	spades_563_len:244
c_000000001208	spades_917_len:234
c_000000001209	spades_387_len:258
c_000000001210	spades_1332_len:226
c_000000001211	spades_237_len:272
c_000000001212	spades_642_len:241
c_000000001213	spades_956_len:233
c_000000001214	spades_1821_len:215
c_000000001215	spades_747_len:238
c_000000001216	spades_1281_len:227
c_000000001217	spades_730_len:239
c_000000001218	spades_1926_len:211
c_000000001219	spades_845_len:235
c_000000001220	spades_1244_len:227
c_000000001221	spades_1049_len:231
c_000000001222	spades_1853_len:214
c_000000001223	spades_1996_len:207
c_000000001224	spades_1381_len:225
c_000000001225	spades_771_len:238
c_000000001226	spades_1061_len:231
c_000000001227	spades_1964_len:209
c_000000001228	spades_559_len:244
c_000000001229	spades_1637_len:219
c_000000001230	spades_823_len:236
c_000000001231	spades_265_len:269
c_000000001232	spades_1866_len:213
c_000000001233	spades_865_len:235
c_000000001234	spades_787_len:237
c_000000001235	spades_1816_len:215
c_000000001236	spades_1500_len:222
c_000000001237	spades_2432_len_T:68
c_000000001238	spades_1295_len:227
c_000000001239	spades_1527_len:222
c_000000001240	spades_1776_len:216
c_000000001241	spades_893_len:234
c_000000001242	CLC_99_len_New_1:243
c_000000001243	spades_281_len:268
c_000000001244	spades_663_len:240
c_000000001245	spades_531_len:245
c_000000001246	spades_1629_len:219
c_000000001247	spades_1100_len:230
c_000000001248	spades_358_len:261
c_000000001249	spades_643_len:241
c_000000001250	spades_1827_len:215
c_000000001251	spades_862_len:235
c_000000001252	spades_672_len:240
c_000000001253	spades_2221_len_T:90
c_000000001254	spades_940_len:233
c_000000001255	spades_288_len:268
c_000000001256	spades_1449_len:223
c_000000001257	spades_1383_len:225
c_000000001258	idbaud_62_len:559
c_000000001259	spades_345_len:263
c_000000001260	spades_1952_len:210
c_000000001261	spades_1839_len:214
c_000000001262	spades_463_len:248
c_000000001263	spades_1979_len:208
c_000000001264	spades_1734_len:217
c_000000001265	spades_1118_len:230
c_000000001266	spades_1324_len:226
c_000000001267	spades_275_len:269
c_000000001268	spades_1114_len:230
c_000000001269	CLC_85_len:216
c_000000001270	spades_1858_len:213
c_000000001271	spades_381_len:259
c_000000001272	spades_1282_len:227
c_000000001273	spades_1679_len:218
c_000000001274	spades_701_len:239
c_000000001275	spades_1087_len:230
c_000000001276	spades_1894_len:212
c_000000001277	spades_446_len:250
c_000000001278	spades_741_len:238
c_000000001279	spades_1771_len:216
c_000000001280	spades_532_len:245
c_000000001281	spades_544_len:244
c_000000001282	spades_379_len:259
c_000000001283	spades_873_len:235
c_000000001284	spades_786_len:237
c_000000001285	spades_1957_len:210
c_000000001286	spades_201_len:277
c_000000001287	spades_716_len:239
c_000000001288	spades_835_len:235
c_000000001289	spades_1715_len:217
c_000000001290	spades_1644_len:219
c_000000001291	spades_1678_len:218
c_000000001292	spades_2060_len:181
c_000000001293	spades_1389_len:225
c_000000001294	spades_1393_len:225
c_000000001295	spades_85_len:373
c_000000001296	spades_1284_len:227
c_000000001297	spades_1390_len:225
c_000000001298	spades_1367_len:225
c_000000001299	spades_1247_len:227
c_000000001300	spades_1525_len:222
c_000000001301	spades_1521_len:222
c_000000001302	spades_1293_len:227
c_000000001303	a5_19_len:9430
c_000000001304	spades_146_len:293
c_000000001305	spades_1791_len:216
c_000000001306	spades_884_len:234
c_000000001307	spades_1428_len:224
c_000000001308	spades_1414_len:224
c_000000001309	spades_466_len:248
c_000000001310	spades_837_len:235
c_000000001311	spades_1261_len:227
c_000000001312	spades_1386_len:225
c_000000001313	spades_1156_len:229
c_000000001314	spades_2056_len:181
c_000000001315	spades_857_len:235
c_000000001316	spades_867_len:235
c_000000001317	spades_1040_len:231
c_000000001318	spades_1082_len:230
c_000000001319	spades_318_len:265
c_000000001320	spades_1971_len:209
c_000000001321	spades_1652_len:219
c_000000001322	spades_1602_len:220
c_000000001323	spades_1141_len:229
c_000000001324	spades_936_len:233
c_000000001325	spades_1350_len:225
c_000000001326	spades_1054_len:231
c_000000001327	spades_813_len:236
c_000000001328	spades_803_len:236
c_000000001329	spades_1716_len:217
c_000000001330	spades_1126_len:230
c_000000001331	CLC_124_len:201
c_000000001332	spades_1806_len:215
c_000000001333	spades_1341_len:226
c_000000001334	spades_1736_len:217
c_000000001335	spades_254_len:270
c_000000001336	spades_1639_len:219
c_000000001337	spades_1191_len:228
c_000000001338	spades_633_len:241
c_000000001339	spades_766_len:238
c_000000001340	spades_902_len:234
c_000000001341	spades_1686_len:218
c_000000001342	spades_1960_len:210
c_000000001343	spades_1711_len:217
c_000000001344	spades_671_len:240
c_000000001345	spades_1895_len:212
c_000000001346	spades_1970_len:209
c_000000001347	spades_1927_len:211
c_000000001348	spades_1986_len:208
c_000000001349	spades_2085_len:172
c_000000001350	spades_1623_len:219
c_000000001351	spades_1192_len:228
c_000000001352	spades_329_len:264
c_000000001353	spades_1807_len:215
c_000000001354	spades_311_len:265
c_000000001355	spades_1116_len:230
c_000000001356	spades_958_len:233
c_000000001357	spades_1998_len:207
c_000000001358	spades_320_len:265
c_000000001359	spades_1842_len:214
c_000000001360	spades_1099_len:230
c_000000001361	spades_1632_len:219
c_000000001362	spades_1318_len:226
c_000000001363	spades_1356_len:225
c_000000001364	spades_1604_len:220
c_000000001365	spades_2671_len:109
c_000000001366	spades_930_len:234
c_000000001367	spades_249_len:271
c_000000001368	spades_1819_len:215
c_000000001369	spades_427_len:253
c_000000001370	spades_1704_len:217
c_000000001371	spades_1558_len:221
c_000000001372	spades_1664_len:218
c_000000001373	CLC_115_len_T:211
c_000000001374	spades_579_len:243
c_000000001375	spades_938_len:233
c_000000001376	spades_984_len:232
c_000000001377	spades_798_len:237
c_000000001378	spades_1622_len:219
c_000000001379	spades_1277_len:227
c_000000001380	spades_1239_len:227
c_000000001381	spades_1425_len:224
c_000000001382	spades_1570_len:221
c_000000001383	spades_907_len:234
c_000000001384	spades_1137_len:229
c_000000001385	spades_1111_len:230
c_000000001386	spades_1252_len:227
c_000000001387	spades_1399_len:224
c_000000001388	spades_245_len:271
c_000000001389	CLC_130_len:449
c_000000001390	spades_2336_len_T:117
c_000000001391	spades_750_len:238
c_000000001392	spades_882_len:234
c_000000001393	spades_1507_len:222
c_000000001394	spades_289_len:268
c_000000001395	spades_1523_len:222
c_000000001396	spades_1172_len:229
c_000000001397	spades_1291_len:227
c_000000001398	spades_439_len:251
c_000000001399	spades_145_len:293
c_000000001400	spades_1584_len:220
c_000000001401	idbaud_9179_len:110
c_000000001402	spades_951_len:233
c_000000001403	spades_1202_len:228
c_000000001404	spades_1184_len:228
c_000000001405	spades_1155_len:229
c_000000001406	spades_547_len:244
c_000000001407	spades_1743_len:217
c_000000001408	spades_1691_len:218
c_000000001409	spades_380_len:259
c_000000001410	spades_1290_len:227
c_000000001411	a5_11_len:5232
c_000000001412	spades_1522_len:222
c_000000001413	idbaud_6656_len:199
c_000000001414	spades_479_len:247
c_000000001415	spades_202_len:277
c_000000001416	spades_314_len:265
c_000000001417	spades_718_len:239
c_000000001418	spades_609_len:242
c_000000001419	spades_217_len:275
c_000000001420	spades_182_len:279
c_000000001421	spades_1987_len:208
c_000000001422	spades_1375_len:225
c_000000001423	spades_737_len:238
c_000000001424	spades_909_len:234
c_000000001425	a5_55_len:635
c_000000001426	spades_1669_len:218
c_000000001427	spades_1070_len:231
c_000000001428	spades_1216_len:228
c_000000001429	spades_604_len:242
c_000000001430	spades_172_len:280
c_000000001431	spades_507_len:246
c_000000001432	spades_1213_len:228
c_000000001433	spades_461_len:248
c_000000001434	spades_460_len:248
c_000000001435	spades_578_len:243
c_000000001436	spades_1550_len:221
c_000000001437	spades_1029_len:231
c_000000001438	spades_1385_len:225
c_000000001439	spades_1744_len:217
c_000000001440	spades_1659_len:218
c_000000001441	spades_165_len:283
c_000000001442	spades_1421_len:224
c_000000001443	spades_1157_len:229
c_000000001444	spades_678_len:240
c_000000001445	spades_690_len:240
c_000000001446	spades_841_len:235
c_000000001447	spades_1305_len:226
c_000000001448	idbaud_9364_len_T:76
c_000000001449	spades_1773_len:216
c_000000001450	spades_825_len:236
c_000000001451	spades_1797_len:216
c_000000001452	spades_1046_len:231
c_000000001453	spades_1705_len:217
c_000000001454	spades_976_len:233
c_000000001455	spades_659_len:240
c_000000001456	spades_2103_len:165
c_000000001457	spades_58_len:512
c_000000001458	spades_1021_len:232
c_000000001459	spades_899_len:234
c_000000001460	spades_1591_len:220
c_000000001461	spades_1182_len:228
c_000000001462	spades_418_len:254
c_000000001463	spades_928_len:234
c_000000001464	spades_1462_len:223
c_000000001465	spades_434_len:252
c_000000001466	spades_1717_len:217
c_000000001467	spades_1294_len:227
c_000000001468	spades_520_len:245
c_000000001469	spades_959_len:233
c_000000001470	spades_1513_len:222
c_000000001471	spades_1309_len:226
c_000000001472	spades_393_len:257
c_000000001473	spades_1057_len:231
c_000000001474	spades_1742_len:217
c_000000001475	spades_1677_len:218
c_000000001476	spades_1497_len:222
c_000000001477	spades_1088_len:230
c_000000001478	spades_398_len:257
c_000000001479	spades_1009_len:232
c_000000001480	spades_1560_len:221
c_000000001481	spades_580_len:243
c_000000001482	spades_1795_len:216
c_000000001483	spades_806_len:236
c_000000001484	spades_756_len:238
c_000000001485	spades_1907_len:212
c_000000001486	spades_1264_len:227
c_000000001487	spades_1870_len:213
c_000000001488	spades_1505_len:222
c_000000001489	spades_1950_len:210
c_000000001490	spades_1001_len:232
c_000000001491	spades_370_len:260
c_000000001492	spades_1358_len:225
c_000000001493	spades_1790_len:216
c_000000001494	spades_1032_len:231
c_000000001495	spades_1273_len:227
c_000000001496	spades_998_len:232
c_000000001497	spades_1903_len:212
c_000000001498	spades_1650_len:219
c_000000001499	spades_1595_len:220
c_000000001500	spades_1457_len:223
c_000000001501	spades_1847_len:214
c_000000001502	spades_1915_len:212
c_000000001503	spades_1823_len:215
c_000000001504	spades_519_len:245
c_000000001505	spades_363_len:261
c_000000001506	spades_1464_len:223
c_000000001507	spades_1374_len:225
c_000000001508	spades_220_len:275
c_000000001509	spades_1922_len:211
c_000000001510	spades_1378_len:225
c_000000001511	spades_1430_len:224
c_000000001512	spades_1663_len:218
c_000000001513	spades_1937_len:211
c_000000001514	spades_1075_len:231
c_000000001515	spades_670_len:240
c_000000001516	spades_780_len:237
c_000000001517	spades_299_len:267
c_000000001518	spades_1765_len:216
c_000000001519	spades_1214_len:228
c_000000001520	spades_705_len:239
c_000000001521	spades_41_len:623
c_000000001522	spades_689_len:240
c_000000001523	spades_1759_len:216
c_000000001524	spades_2029_len:194
c_000000001525	spades_1447_len:223
c_000000001526	spades_996_len:232
c_000000001527	spades_253_len:270
c_000000001528	spades_1123_len:230
c_000000001529	spades_297_len:267
c_000000001530	spades_1844_len:214
c_000000001531	spades_1660_len:218
c_000000001532	spades_712_len:239
c_000000001533	spades_1722_len:217
c_000000001534	spades_903_len:234
c_000000001535	spades_1327_len:226
c_000000001536	spades_627_len:241
c_000000001537	spades_606_len:242
c_000000001538	spades_1139_len:229
c_000000001539	spades_402_len:256
c_000000001540	spades_1888_len:212
c_000000001541	spades_392_len:257
c_000000001542	spades_929_len:234
c_000000001543	spades_772_len:238
c_000000001544	spades_986_len:232
c_000000001545	spades_1768_len:216
c_000000001546	spades_208_len:276
c_000000001547	spades_644_len:241
c_000000001548	spades_568_len:243
c_000000001549	spades_1062_len:231
c_000000001550	spades_327_len:264
c_000000001551	spades_1665_len:218
c_000000001552	CLC_106_len:247
c_000000001553	spades_577_len:243
c_000000001554	spades_1628_len:219
c_000000001555	spades_745_len:238
c_000000001556	spades_2235_len_T:98
c_000000001557	spades_1124_len:230
c_000000001558	spades_1648_len:219
c_000000001559	spades_749_len:238
c_000000001560	spades_1865_len:213
c_000000001561	spades_362_len:261
c_000000001562	spades_1953_len:210
c_000000001563	spades_526_len:245
c_000000001564	spades_890_len:234
c_000000001565	spades_1028_len:231
c_000000001566	spades_1863_len:213
c_000000001567	spades_274_len:269
c_000000001568	spades_510_len:246
c_000000001569	spades_656_len:240
c_000000001570	spades_1667_len:218
c_000000001571	spades_1959_len:210
c_000000001572	spades_438_len:251
c_000000001573	spades_1537_len:221
c_000000001574	spades_1289_len:227
c_000000001575	spades_1129_len:230
c_000000001576	CLC_147_len:261
c_000000001577	spades_1494_len:222
c_000000001578	spades_1854_len:214
c_000000001579	spades_1148_len:229
c_000000001580	spades_1405_len:224
c_000000001581	spades_1488_len:223
c_000000001582	spades_1590_len:220
c_000000001583	idbaud_9469_len_T:95
c_000000001584	spades_1867_len:213
c_000000001585	spades_901_len:234
c_000000001586	spades_435_len:252
c_000000001587	spades_277_len:269
c_000000001588	spades_674_len:240
c_000000001589	spades_1493_len:222
c_000000001590	spades_1812_len:215
c_000000001591	spades_1436_len:224
c_000000001592	spades_1077_len:231
c_000000001593	spades_1073_len:231
c_000000001594	spades_811_len:236
c_000000001595	idbaud_7417_len:195
c_000000001596	spades_137_len_T:267
c_000000001597	spades_892_len:234
c_000000001598	spades_685_len:240
c_000000001599	spades_895_len:234
c_000000001600	spades_1879_len:213
c_000000001601	spades_1069_len:231
c_000000001602	spades_1909_len:212
c_000000001603	spades_1943_len:210
c_000000001604	spades_919_len:234
c_000000001605	CLC_87_len_T:219
c_000000001606	spades_703_len:239
c_000000001607	spades_990_len:232
c_000000001608	spades_1752_len:217
c_000000001609	spades_328_len:264
c_000000001610	spades_136_len:300
c_000000001611	spades_1201_len:228
c_000000001612	spades_847_len:235
c_000000001613	spades_219_len:275
c_000000001614	spades_1002_len:232
c_000000001615	idbaud_82_len:417
c_000000001616	spades_707_len:239
c_000000001617	spades_1849_len:214
c_000000001618	spades_16_len:2229
c_000000001619	spades_195_len:277
c_000000001620	spades_1164_len:229
c_000000001621	spades_1658_len:218
c_000000001622	spades_1942_len:210
c_000000001623	spades_1902_len:212
c_000000001624	spades_975_len:233
c_000000001625	spades_600_len:242
c_000000001626	spades_567_len:243
c_000000001627	spades_1328_len:226
c_000000001628	spades_1805_len:215
c_000000001629	spades_1811_len:215
c_000000001630	spades_710_len:239
c_000000001631	spades_304_len:266
c_000000001632	spades_1105_len:230
c_000000001633	spades_894_len:234
c_000000001634	spades_817_len:236
c_000000001635	spades_95_len:359
c_000000001636	CLC_141_len:259
c_000000001637	spades_1503_len:222
c_000000001638	spades_1329_len:226
c_000000001639	spades_1438_len:224
c_000000001640	spades_325_len:264
c_000000001641	spades_1373_len:225
c_000000001642	spades_570_len:243
c_000000001643	spades_1486_len:223
c_000000001644	idbaud_8125_len:179
c_000000001645	spades_900_len:234
c_000000001646	spades_2876_len:102
c_000000001647	spades_1714_len:217
c_000000001648	spades_1981_len:208
c_000000001649	spades_1571_len:221
c_000000001650	spades_946_len:233
c_000000001651	spades_814_len:236
c_000000001652	spades_1680_len:218
c_000000001653	spades_1775_len:216
c_000000001654	spades_1899_len:212
c_000000001655	spades_504_len:246
c_000000001656	spades_1608_len:220
c_000000001657	spades_1314_len:226
c_000000001658	spades_1292_len:227
c_000000001659	spades_797_len:237
c_000000001660	spades_1520_len:222
c_000000001661	spades_842_len:235
c_000000001662	spades_280_len:268
c_000000001663	spades_941_len:233
c_000000001664	spades_594_len:242
c_000000001665	spades_1994_len:207
c_000000001666	spades_1384_len:225
c_000000001667	spades_351_len:262
c_000000001668	spades_1760_len:216
c_000000001669	spades_24_len:1356
c_000000001670	spades_2003_len:207
c_000000001671	spades_1335_len:226
c_000000001672	spades_1603_len:220
c_000000001673	spades_1862_len:213
c_000000001674	spades_1589_len:220
c_000000001675	spades_238_len:272
c_000000001676	spades_1072_len:231
c_000000001677	spades_1512_len:222
c_000000001678	spades_581_len:243
c_000000001679	spades_1857_len:213
c_000000001680	spades_1026_len:232
c_000000001681	spades_1097_len:230
c_000000001682	spades_1989_len:208
c_000000001683	spades_872_len:235
c_000000001684	spades_540_len:244
c_000000001685	spades_330_len:264
c_000000001686	spades_1655_len:218
c_000000001687	spades_411_len:255
c_000000001688	spades_1233_len_T:143
c_000000001689	spades_1243_len:227
c_000000001690	spades_326_len:264
c_000000001691	spades_1778_len:216
c_000000001692	spades_1881_len:213
c_000000001693	idbaud_9319_len:108
c_000000001694	spades_401_len:256
c_000000001695	spades_1774_len:216
c_000000001696	spades_639_len:241
c_000000001697	spades_1071_len:231
c_000000001698	spades_963_len:233
c_000000001699	spades_630_len:241
c_000000001700	spades_105_len:350
c_000000001701	spades_1167_len:229
c_000000001702	spades_305_len:266
c_000000001703	CLC_98_len:219
c_000000001704	spades_635_len:241
c_000000001705	spades_487_len:247
c_000000001706	idbaud_8553_len_T:77
c_000000001707	spades_321_len:265
c_000000001708	spades_573_len:243
c_000000001709	spades_676_len:240
c_000000001710	spades_623_len:241
c_000000001711	spades_1498_len:222
c_000000001712	spades_970_len:233
c_000000001713	spades_1249_len:227
c_000000001714	spades_1209_len:228
c_000000001715	spades_927_len:234
c_000000001716	spades_267_len:269
c_000000001717	spades_1039_len:231
c_000000001718	spades_762_len:238
c_000000001719	spades_881_len:234
c_000000001720	spades_636_len:241
c_000000001721	spades_574_len:243
c_000000001722	spades_1649_len:219
c_000000001723	spades_557_len:244
c_000000001724	spades_1161_len:229
c_000000001725	spades_1524_len:222
c_000000001726	spades_1296_len:227
c_000000001727	spades_1707_len:217
c_000000001728	spades_748_len:238
c_000000001729	spades_1562_len:221
c_000000001730	spades_1980_len:208
c_000000001731	spades_1682_len:218
c_000000001732	spades_949_len:233
c_000000001733	idbaud_81_len:426
c_000000001734	spades_1276_len:227
c_000000001735	spades_278_len:269
c_000000001736	spades_1158_len:229
c_000000001737	spades_1406_len:224
c_000000001738	spades_503_len:246
c_000000001739	spades_1121_len:230
c_000000001740	spades_1177_len:229
c_000000001741	spades_1125_len:230
c_000000001742	spades_1402_len:224
c_000000001743	idbaud_41_len:905
c_000000001744	spades_1439_len:224
c_000000001745	spades_1052_len:231
c_000000001746	spades_1076_len:231
c_000000001747	spades_545_len:244
c_000000001748	spades_1517_len:222
c_000000001749	spades_972_len:233
c_000000001750	spades_952_len:233
c_000000001751	spades_1030_len:231
c_000000001752	spades_888_len:234
c_000000001753	spades_859_len:235
c_000000001754	spades_430_len:253
c_000000001755	spades_227_len:273
c_000000001756	spades_935_len:233
c_000000001757	spades_1096_len:230
c_000000001758	spades_944_len:233
c_000000001759	spades_1245_len:227
c_000000001760	idbaud_9636_len:105
c_000000001761	spades_101_len:353
c_000000001762	spades_924_len:234
c_000000001763	spades_1746_len:217
c_000000001764	spades_1005_len:232
c_000000001765	spades_743_len:238
c_000000001766	spades_571_len:243
c_000000001767	spades_852_len:235
c_000000001768	spades_1784_len:216
c_000000001769	spades_2323_len_T:83
c_000000001770	spades_1174_len:229
c_000000001771	spades_1207_len:228
c_000000001772	idbaud_8840_len:117
c_000000001773	spades_1361_len:225
c_000000001774	spades_1843_len:214
c_000000001775	spades_891_len:234
c_000000001776	spades_742_len:238
c_000000001777	spades_829_len:236
c_000000001778	spades_523_len:245
c_000000001779	spades_1804_len:215
c_000000001780	spades_779_len:237
c_000000001781	spades_1115_len:230
c_000000001782	spades_1310_len:226
c_000000001783	spades_1574_len:221
c_000000001784	spades_1810_len:215
c_000000001785	spades_775_len:238
c_000000001786	spades_1084_len:230
c_000000001787	spades_1188_len:228
c_000000001788	spades_617_len:242
c_000000001789	spades_266_len:269
c_000000001790	spades_1569_len:221
c_000000001791	spades_343_len:263
c_000000001792	spades_1185_len:228
c_000000001793	spades_180_len:279
c_000000001794	spades_388_len:258
c_000000001795	spades_1093_len:230
c_000000001796	spades_1455_len:223
c_000000001797	spades_1189_len:228
c_000000001798	spades_432_len:253
c_000000001799	spades_1365_len:225
c_000000001800	spades_375_len:259
c_000000001801	spades_708_len:239
c_000000001802	spades_2369_len_T:71
c_000000001803	spades_755_len:238
c_000000001804	spades_1502_len:222
c_000000001805	spades_259_len:270
c_000000001806	spades_1468_len:223
c_000000001807	spades_1435_len:224
c_000000001808	spades_1860_len:213
c_000000001809	spades_1974_len:208
c_000000001810	spades_556_len:244
c_000000001811	spades_166_len_T:262
c_000000001812	spades_216_len:275
c_000000001813	spades_1897_len:212
c_000000001814	spades_846_len:235
c_000000001815	spades_429_len:253
c_000000001816	spades_717_len:239
c_000000001817	spades_270_len:269
c_000000001818	spades_1195_len:228
c_000000001819	spades_1838_len:214
c_000000001820	spades_191_len:278
c_000000001821	idbaud_4_len:8664
c_000000001822	spades_1011_len:232
c_000000001823	spades_197_len:277
c_000000001824	spades_1661_len:218
c_000000001825	spades_1400_len:224
c_000000001826	CLC_131_len:236
c_000000001827	idbaud_54_len_T:623
c_000000001828	spades_282_len:268
c_000000001829	spades_915_len:234
c_000000001830	spades_561_len:244
c_000000001831	spades_1580_len:220
c_000000001832	spades_240_len:272
c_000000001833	spades_1616_len:219
c_000000001834	spades_1204_len:228
c_000000001835	idbaud_8308_len:316
c_000000001836	spades_450_len:249
c_000000001837	spades_1471_len:223
c_000000001838	spades_1670_len:218
c_000000001839	spades_647_len:241
c_000000001840	spades_661_len:240
c_000000001841	spades_939_len:233
c_000000001842	spades_1758_len:216
c_000000001843	spades_2_len:16633
c_000000001844	spades_1401_len:224
c_000000001845	spades_499_len:246
c_000000001846	spades_40_len:710
c_000000001847	spades_826_len:236
c_000000001848	spades_490_len:247
c_000000001849	spades_576_len:243
c_000000001850	spades_495_len:246
c_000000001851	spades_1787_len:216
c_000000001852	spades_1448_len:223
c_000000001853	spades_1546_len:221
c_000000001854	spades_1418_len:224
c_000000001855	spades_1206_len:228
c_000000001856	spades_1230_len:228
c_000000001857	spades_1287_len:227
c_000000001858	spades_1539_len:221
c_000000001859	spades_1728_len:217
c_000000001860	spades_1880_len:213
c_000000001861	spades_483_len:247
c_000000001862	spades_224_len:274
c_000000001863	spades_1257_len:227
c_000000001864	spades_844_len:235
c_000000001865	spades_1081_len_T:144
c_000000001866	spades_316_len:265
c_000000001867	spades_543_len:244
c_000000001868	spades_496_len:246
c_000000001869	spades_1250_len:227
c_000000001870	spades_542_len:244
c_000000001871	spades_1510_len:222
c_000000001872	spades_1931_len:211
c_000000001873	spades_207_len:276
c_000000001874	spades_1514_len:222
c_000000001875	spades_1808_len:215
c_000000001876	spades_679_len:240
c_000000001877	spades_1018_len:232
c_000000001878	spades_918_len:234
c_000000001879	spades_1067_len:231
c_000000001880	spades_1326_len:226
c_000000001881	spades_851_len:235
